BondID,BondName
GBY1Y,1-Year Government Bonds Yield
GBY2Y,2-Year Government Bonds Yield
GBY3Y,3-Year Government Bonds Yield
GBY4Y,4-Year Government Bonds Yield
GBY5Y,5-Year Government Bonds Yield
GBY6Y,6-Year Government Bonds Yield
GBY7Y,7-Year Government Bonds Yield
GBY8Y,8-Year Government Bonds Yield
GBY9Y,9-Year Government Bonds Yield
GBY10Y,10-Year Government Bonds Yield
GBY11Y,11-Year Government Bonds Yield
GBY12Y,12-Year Government Bonds Yield
GBY13Y,13-Year Government Bonds Yield
GBY14Y,14-Year Government Bonds Yield
GBY15Y,15-Year Government Bonds Yield
GBY19Y,19-Year Government Bonds Yield
GBY20Y,20-Year Government Bonds Yield
GBY24Y,24-Year Government Bonds Yield
GBY25Y,25-Year Government Bonds Yield
GBY30Y,30-Year Government Bonds Yield
GBY40Y,40-Year Government Bonds Yield
GBY50Y,50-Year Government Bonds Yield
